hour,day,month,temperature
12,18,2,9.481355
7,15,1,9.816807
7,15,3,9.816807
17,15,9,10.398227
19,18,5,11.393213
11,24,9,10.102955
7,19,9,9.813119
